图片地址,作品名字,作品类型,人气数,点赞数,评论数,作者名
https://www.zcool.com.cn/work/ZNDcxMTUxOTI=.html,青木2018/2019年度作品总结,其他-其他,['2204'],['13'],['98'],['treedom0']
https://www.zcool.com.cn/work/ZNDcxMjQyOTY=.html,糖王团队2019英国国际蛋糕展金奖翻糖人偶作品<青白蛇>,手工艺-手办/原型,['1648'],['12'],['144'],['糖王周毅团队']
https://www.zcool.com.cn/work/ZNDcxMjIxNDQ=.html,花落,插画-商业插画,['2745'],['15'],['345'],['饭太稀Fan']
https://www.zcool.com.cn/work/ZNDcxMTUxNzY=.html,日常-起了个大早篇,插画-插画习作,['1321'],['9'],['66'],['宁大侠']
https://www.hellorf.com/image/album/3212/?utm_source=zcool&utm_medium=index&utm_campaign=feed1&utm_content=inspiration&utm_term=3212,处暑节气原创插画,精选图集,无,无,无,['站酷海洛']
https://www.zcool.com.cn/work/ZNDcxMjg2NDQ=.html,英雄联盟绽灵节游戏专题,网页-游戏/娱乐,['3265'],['15'],['182'],['palwo']
https://www.zcool.com.cn/work/ZNDcxMjU0NDQ=.html,OPPO Reno4 Pro 艺术家限定版 KV_by seenvision ,平面-海报,['6740'],['31'],['472'],['SEENVISION']
https://www.zcool.com.cn/work/ZNDcxMDUwMzI=.html,【岩彩】你的七夕大礼包《微光·月老》,纯艺术-其他艺创,['6745'],['14'],['188'],['莲羊']
https://www.zcool.com.cn/work/ZNDcxMDg5MjA=.html,尤妮佳 x 故宫,插画-商业插画,['9627'],['7'],['241'],['奇舫社']
https://www.zcool.com.cn/work/ZNDcxMjMxNjQ=.html,三星 Galaxy Z Flip 5G （附布光图）,摄影-产品,['8900'],['21'],['215'],['X老师会拍照']
https://www.zcool.com.cn/work/ZNDcxMTIzNjQ=.html,曼逸运动新视觉X七维视觉,网页-电商,['5359'],['28'],['286'],['七维视觉']
https://www.zcool.com.cn/work/ZNDcwOTUzMDg=.html,漫画：自己的婚姻 自己烩,动漫-中/长篇漫画,['8739'],['55'],['515'],['将军他爸']
https://www.zcool.com.cn/article/ZMTE2OTg4MA==.html,10年经验总结的高效 UI 配色策略,文章-教程-UI,['9358'],['48'],['975'],['酸梅干超人']
https://www.zcool.com.cn/work/ZNDcxMTE2NjA=.html,尚巍手书,平面-字体/字形,['8649'],['37'],['168'],['尚巍']
https://www.zcool.com.cn/work/ZNDcxMTEyNjA=.html,悠然民宿品牌设计,平面-品牌,['5.1w'],['90'],['1227'],['胡晓波设计']
https://www.zcool.com.cn/work/ZNDcwMDQ3ODA=.html,2020青春芒果夜IP视觉设计,平面-吉祥物,['1.6w'],['30'],['299'],['G5M6_AveLeung']
https://www.zcool.com.cn/work/ZNDcwOTg1NzI=.html,HERU丨黑鹿,平面-包装,['9446'],['11'],['166'],['OCTOPUSCHIEN']
https://www.zcool.com.cn/work/ZNDcxMDMyOTI=.html,2019年游戏页面总结,网页-游戏/娱乐,['9255'],['51'],['480'],['Fish慧']
https://www.zcool.com.cn/work/ZNDcxMDY3NTI=.html,去年夏天的某天,摄影-人像,['8344'],['70'],['440'],['腰果虾仁']
https://www.zcool.com.cn/work/ZNDcwODc4NTI=.html,卢靖姗CelinaJade 《VWmagazine》,摄影-时尚,['6812'],['20'],['162'],['之南Karen']
https://www.zcool.com.cn/work/ZNDcwODkyNjA=.html,绽影像之《伐冰》,摄影-静物,['1.1w'],['36'],['742'],['陈绽']
https://www.zcool.com.cn/work/ZNDcwODE1NTI=.html,🌈彩虹镇的小公主——小雾霾,手工艺-手办/模玩,['2.1w'],['86'],['381'],['兔纸鱼']
https://www.zcool.com.cn/work/ZNDcwODM5OTI=.html,王者荣耀三分夏日篇,三维-动画/影视,['1.4w'],['58'],['688'],['一只YIZ']
https://www.zcool.com.cn/work/ZNDcwODM2MjA=.html,REALME C15,三维-产品,['1.2w'],['35'],['536'],['UoUstudio']
https://www.zcool.com.cn/work/ZNDcwODM0NzY=.html,核玩coreplay 中国文化原创作品《熊猫门神》,工业/产品-玩具,['1.7w'],['29'],['262'],['核玩coreplay']
https://www.zcool.com.cn/work/ZNDcwNzgyMDQ=.html,Redmi,三维-产品,['1.5w'],['48'],['553'],['发海']
https://www.zcool.com.cn/work/ZNDcwNzQxODA=.html,像素迪拜 快闪版,影视-短片,['1.7w'],['37'],['337'],['Blackstation影像']
https://www.zcool.com.cn/work/ZNDcwNzk2NDA=.html,浮生之尘,插画-商业插画,['1.4w'],['50'],['672'],['雪鱼']
https://www.zcool.com.cn/work/ZNDcwNzc5NzY=.html,插画合集,插画-其他插画,['9958'],['57'],['609'],['李2wing']
https://www.zcool.com.cn/work/ZNDcwNzc0MTI=.html,书亦飞古风插画——于正作品《玉楼春》宣传海报,插画-商业插画,['1.4w'],['62'],['667'],['书亦飞']
https://www.zcool.com.cn/work/ZNDcwNjgzNDA=.html,【打开新视界，享受多彩生活】蔡司包装设计,平面-包装,['1.5w'],['63'],['799'],['STARTALK星话']
https://www.zcool.com.cn/work/ZNDcwNzI2MjA=.html,【绿衣女】,影视-设定/分镜,['1.3w'],['81'],['779'],['bigballgao']
https://www.zcool.com.cn/work/ZNDY3NTM0ODQ=.html,最美西部之在路上宣言,摄影-风光,['9822'],['42'],['780'],['路遥Suvan']
https://www.zcool.com.cn/work/ZNDcwNjY4NjQ=.html,Redmi 10X系列＆K30至尊纪念版,网页-其他网页,['1.1w'],['84'],['553'],['尽头']
https://www.zcool.com.cn/work/ZNDcwMDQ5OTI=.html,如何用文化 IP 重塑东方滋补文化？,平面-包装,['3.6w'],['58'],['618'],['容品牌']
https://www.zcool.com.cn/work/ZNDcwNzAwMTY=.html,keep u style姿态【动物摄影师何某某个人作品27】,摄影-动物,['3.2w'],['114'],['714'],['超级何某某']
https://www.zcool.com.cn/work/ZNDcwNzIxOTI=.html,水族人民智慧结晶,手工艺-其他手工,['8666'],['22'],['221'],['王丹青爱手创']
https://www.zcool.com.cn/work/ZNDcwNjU2OTY=.html,手机摄影 - 内蒙青海,摄影-手机,['1.3w'],['44'],['430'],['thomas看看世界']
https://www.zcool.com.cn/article/ZMTE2OTI0NA==.html,平实不平庸-浅谈大师焦段50mm镜头,文章-教程-摄影,['9514'],['37'],['210'],['七七小菇凉']
https://www.gogoup.com/course/GNjE5?utm_source=zcool&utm_campaign=sub_02				,零基础也能拍高质量短片,学习视频,无,无,无,['站酷高高手']
https://www.zcool.com.cn/work/ZNDcwNjcwMDg=.html,集一波插画,插画-商业插画,['3.2w'],['60'],['1053'],['starry阿星']
https://www.zcool.com.cn/work/ZNDcwNTgyNDA=.html,雕塑作品？不，是月餅。【自然造物】,工业/产品-礼品/纪念品,['3.0w'],['83'],['561'],['王猛涛Tee']
https://www.zcool.com.cn/work/ZNDcwNTQxNTY=.html,SCI-FI,三维-场景,['2.6w'],['51'],['655'],['GengXiHR']
https://www.zcool.com.cn/work/ZNDcwNTQwNjg=.html,-华沙- [新旧城],摄影-环境/建筑,['2.0w'],['54'],['325'],['晆时_micheal']
https://www.gogoup.com/course/GNjE5?utm_source=zcool&utm_campaign=sub_04				,零基础也能拍高质量短片,学习视频,无,无,无,['站酷高高手']
https://www.zcool.com.cn/work/ZNDcwNTUwMDg=.html,汤臣杰逊【A1西瓜吐司品牌新视觉作品分享】,网页-电商,['3.3w'],['166'],['1845'],['汤臣杰逊']
https://www.zcool.com.cn/work/ZNDcwNTE2OTI=.html,《“金鳳玉露體”延展应用——品牌标准字体设计》,平面-字体/字形,['3.1w'],['62'],['842'],['CreativeZaiZai']
https://www.zcool.com.cn/work/ZNDcwNDc2NTY=.html,【佰芙·宠物食品包装设计合集】让我们来撒狗粮~,平面-包装,['2.0w'],['37'],['366'],['小狼君LangcerLee']
https://www.zcool.com.cn/work/ZNDY2OTQwMDQ=.html,DNFx天宇手写,平面-字体/字形,['1.3w'],['118'],['554'],['姚天宇_']
https://www.zcool.com.cn/work/ZNDcwNDkxNTY=.html,《鲁迅的都市漫游》书封设计,平面-书籍,['8183'],['15'],['265'],['冷暖儿unclezoo']
https://www.zcool.com.cn/work/ZNDY5OTQyMjg=.html,喜鹊新作 | 一款包装破解凌晨2:00的玫瑰花语,平面-包装,['1.8w'],['19'],['267'],['喜鹊包装实验室']
https://www.zcool.com.cn/work/ZNDcwNDcxODg=.html,[4、5、6集] 动效设计中的创意与逻辑,UI-动效设计,['1.9w'],['61'],['746'],['孔晨POINTVISION']
https://www.zcool.com.cn/work/ZNDcwNDE2NzY=.html,野狗富贵二十四节气丨春夏篇,插画-其他插画,['1.6w'],['40'],['833'],['野狗富贵']
https://www.zcool.com.cn/work/ZNDcwMjc5NDg=.html,<<他>>,插画-绘本,['1.6w'],['33'],['921'],['冷太郎']
https://www.zcool.com.cn/work/ZNDcwNDU5MDA=.html,KAKA星漂流记故事连载【10-15期】,动漫-中/长篇漫画,['3849'],['5'],['66'],['KAKA星漂流记']
https://www.zcool.com.cn/work/ZNDcwMDYyMjQ=.html,快手：MOJITO盲盒ChinaJoy2020破次元首发！,影视-宣传片,['2.1w'],['36'],['476'],['COMOON']
https://www.zcool.com.cn/work/ZNDcwNDI1OTY=.html,若梦浮生，桃之夭夭，娓娓道来---IP系列设计,平面-吉祥物,['1.7w'],['38'],['371'],['artanisterry']
https://www.zcool.com.cn/work/ZNDcwNDIyMDg=.html,STAR LOLI | 星际萝莉,平面-吉祥物,['5990'],['31'],['253'],['LinAwen']
https://www.zcool.com.cn/work/ZNDcwNDI3MzY=.html,皮皮虾APP两周年：沙雕皮友的皮味生活,影视-短片,['8863'],['40'],['248'],['至幻蘑菇']
https://www.zcool.com.cn/article/ZMTE2ODI0OA==.html,总算明白，为什么会有人心甘情愿为chanel掏钱,文章-资讯-多领域,['6138'],['1'],['108'],['BranD杂志']
https://www.zcool.com.cn/article/ZMTE2ODIwNA==.html,交互设计定律和用户体验地图,文章-观点-UI,['1.3w'],['49'],['448'],['ExperienceDesign']
https://www.zcool.com.cn/work/ZNDcwMzM3MDg=.html,虚妄 / Fabricated . 2020,三维-其他三维,['1.0w'],['64'],['744'],['三金ThreeKing']
https://www.zcool.com.cn/work/ZNDcwMjg1NjA=.html,C4D短片 - 西途Westward（预告）,影视-短片,['1.3w'],['27'],['235'],['六雲']
https://www.zcool.com.cn/work/ZNDcwMzU3Mjg=.html,电商主图视频 | 六合信月饼 ✖ 三拾传媒,影视-短片,['1.9w'],['134'],['308'],['三拾传媒']
https://www.zcool.com.cn/work/ZNDcwMzI0NjA=.html,若来文创--梦想，我来了！,平面-吉祥物,['1.1w'],['70'],['882'],['牛小韩']
https://www.zcool.com.cn/work/ZNDcwMjg0ODA=.html,Little Chicken 发条鸡仔卡通形象设计,平面-吉祥物,['1.1w'],['50'],['944'],['狂奔的包子插画铺']
https://www.zcool.com.cn/work/ZNDY5OTkyMTY=.html,怪兽充电小程序,UI-APP界面,['2.0w'],['68'],['569'],['小金鱼LittleFish']
https://www.zcool.com.cn/work/ZNDY5NzQ0MjA=.html,放空是世界-C4D三维渲染【7-8月项目】,网页-电商,['5.0w'],['128'],['1994'],['212设计']
https://www.zcool.com.cn/work/ZNDY5OTQ1MTI=.html,一本书也可以是一部定格动画,插画-绘本,['1.1w'],['30'],['396'],['闹米']
https://www.zcool.com.cn/work/ZNDY5OTM5MTI=.html,古风翻糖人偶作品 <北方有佳人 >这不是手办是可以吃的,手工艺-手办/原型,['1.4w'],['106'],['967'],['糖王周毅团队']
https://www.zcool.com.cn/work/ZNDY5OTIyNTI=.html,影视气氛关键帧概念,插画-概念设定,['1.3w'],['59'],['571'],['AAA概念设计']
https://www.zcool.com.cn/work/ZNDY3MjA0MzI=.html,【南记手绘·不二堂·商周列国全传·第一季】,纯艺术-国画,['8524'],['16'],['208'],['老表舅']
https://www.zcool.com.cn/work/ZNDY5NjkxMjA=.html,近期乐高作品：《白蛇传》、幼儿园、中世纪铁匠铺,手工艺-其他手工,['2.8w'],['21'],['251'],['G.S']
https://www.zcool.com.cn/work/ZNDY5NjY5Mjg=.html,400ml -【Illustration插画合集】,插画-涂鸦/潮流,['4.3w'],['50'],['1033'],['ABS_NOISE']
https://www.zcool.com.cn/article/ZMTE2ODQzMg==.html,vivo浏览器新闻阅读优化设计,文章-教程-UI,['8144'],['42'],['295'],['vivo互联网UED']
https://www.zcool.com.cn/work/ZNDY5Njg2MjA=.html,漫画：雨一直下 心情很复杂,动漫-中/长篇漫画,['2.0w'],['92'],['663'],['将军他爸']
https://www.zcool.com.cn/article/ZMTE2ODM2NA==.html,设计大事件【2020年8月上】,文章-资讯-多领域,['2.3w'],['68'],['358'],['站酷网']
https://www.zcool.com.cn/work/ZNDY5ODgyODg=.html,ESANT BEER×卢帅 | 原生口感，畅享无限清爽,平面-品牌,['3.3w'],['84'],['535'],['设计师卢帅']
https://www.zcool.com.cn/article/ZMTE2ODI2OA==.html,噗噗扭蛋｜从IP形象到潮玩的设计秘笈,文章-资讯-多领域,['1.3w'],['25'],['313'],['腾讯ISUX']
https://www.hellorf.com/image/album/522/?utm_source=zcool&utm_medium=second&utm_campaign=feed4&utm_content=inspiration&utm_term=522,原创七夕情侣插画,特别企划,无,无,无,['站酷海洛']
https://www.zcool.com.cn/work/ZNDY5ODM1Mjg=.html,小米透明电视产品站,网页-电商,['2.7w'],['175'],['805'],['余一_Aaron']
https://www.zcool.com.cn/work/ZNDY5MDMzNTY=.html,腾讯数字文创节2019：海南站,影视-宣传片,['2.0w'],['42'],['512'],['amusedart']
https://www.zcool.com.cn/work/ZNDY5Njk0NzY=.html,非人哉596-597,动漫-短篇/四格漫画,['1.9w'],['57'],['907'],['非人哉漫画']
https://www.zcool.com.cn/work/ZNDY5ODQwNDA=.html,罗永浩 不可能的对话,摄影-时尚,['2.0w'],['98'],['628'],['你好雷']
https://www.zcool.com.cn/work/ZNDY5NzI1MDA=.html,Runa,平面-吉祥物,['1.7w'],['150'],['449'],['hasebe']
https://www.zcool.com.cn/work/ZNDY5NzEwNDQ=.html,TUTU妹-IP形象设计,平面-吉祥物,['3.3w'],['174'],['2286'],['nickel小科']
https://www.zcool.com.cn/work/ZNDY5NzQyODQ=.html,Redmi 9 & Redmi 9C国际产品站设计,网页-企业官网,['1.6w'],['57'],['680'],['顾明']
https://www.zcool.com.cn/article/ZMTE2Nzk0NA==.html,人文风景大片拍摄，广角镜头拍摄技巧解读。,文章-教程-摄影,['2.0w'],['33'],['818'],['陈帆fotochen']
https://www.zcool.com.cn/work/ZNDY5NjYxODg=.html,一些电商拍摄,摄影-静物,['4.6w'],['58'],['618'],['西瓜ADA']
https://www.zcool.com.cn/work/ZNDY5NjY5NzI=.html,2020 更要快乐活下去,摄影-人像,['1.8w'],['20'],['336'],['iTKO']
https://www.zcool.com.cn/work/ZNDY5NjI1Mjg=.html,[Calligraphy X Lettering],平面-字体/字形,['8601'],['41'],['209'],['汝词工作室']
https://www.zcool.com.cn/work/ZNDY2MDQ5ODQ=.html,Thumkast music-音樂社交产品,UI-APP界面,['1.7w'],['56'],['600'],['赵威G']
https://www.zcool.com.cn/work/ZNDY5NTMzNjA=.html,GIRLS,平面-吉祥物,['3.1w'],['94'],['1236'],['阿奤']
https://www.zcool.com.cn/work/ZNDY5NjMyMzY=.html,【鸟（diǎo）人】 插画合辑一,插画-其他插画,['2.1w'],['80'],['1474'],['何文通']
https://www.zcool.com.cn/work/ZNDY5Mzk5NjA=.html,【方森园】中秋月饼包装礼盒设计——《月球之旅》,平面-包装,['3.7w'],['79'],['829'],['方森园包装']
https://www.zcool.com.cn/work/ZNDY5NDE3MDQ=.html,《我最爱的女人们》片头动画设计,影视-栏目包装,['1.7w'],['33'],['325'],['MAOS貌似']
https://www.zcool.com.cn/work/ZNDY4NzE0Mjg=.html,《河神》渣熊作,插画-插画习作,['3.5w'],['107'],['1618'],['绘画小能手渣熊']
https://www.zcool.com.cn/work/ZNDY5Mzg1NDg=.html,WOWDUCK万物鸭,平面-吉祥物,['2.7w'],['155'],['1248'],['迪红']
https://www.zcool.com.cn/work/ZNDY5NDQ3OTY=.html,近期插画创作练习 ,插画-涂鸦/潮流,['1.2w'],['60'],['633'],['插画师卷耳']
https://www.zcool.com.cn/work/ZNDY4MzQwNzY=.html,VIVO.V19海外版手机拍摄|不会绘图的匠人不是好摄影师,摄影-产品,['1.7w'],['51'],['324'],['付增凯']
https://www.zcool.com.cn/work/ZNDY5Mzg3MjQ=.html,【怪兽来了】零食品牌全案策划设计落地,网页-电商,['3.6w'],['115'],['943'],['潜云设计团队']
https://www.zcool.com.cn/work/ZNDY5MTk3MDg=.html,/,插画-其他插画,['1.0w'],['42'],['465'],['殷正']
https://www.zcool.com.cn/work/ZNDYwOTkzNzY=.html,《如果》绘本整体思路构造解析,插画-儿童插画,['1.2w'],['15'],['319'],['老狗是我']
https://www.zcool.com.cn/work/ZNDY5MzM4MTI=.html,成都Limit Cafe x Gallery,插画-商业插画,['1.6w'],['18'],['645'],['天然_Tianran']
https://www.zcool.com.cn/work/ZNDY5MjgzMzY=.html,2020 Q1-Q3设计作品合集,网页-游戏/娱乐,['3.8w'],['99'],['1113'],['三足乌']
https://www.zcool.com.cn/work/ZNDY5MzE2NDQ=.html,3集连更！动效设计中的创意与逻辑[1-3],UI-动效设计,['3.3w'],['144'],['1647'],['孔晨POINTVISION']
https://www.zcool.com.cn/work/ZNDY5MTcxODQ=.html,你的安全感是谁给的？,动漫-三维动画,['1.6w'],['48'],['482'],['萌芽熊DooroBear']
https://www.zcool.com.cn/work/ZNDY5MjI3ODg=.html,鲁花×潘虎｜一个神奇的拖拉机手,平面-包装,['4.2w'],['139'],['1101'],['潘虎设计实验室']
https://www.zcool.com.cn/work/ZNDY5MTU0MDA=.html,[VRD 2020] 燕窝包装案例,平面-包装,['4.2w'],['38'],['483'],['VRD_上合式設計']
https://www.zcool.com.cn/work/ZNDY5MTk3MDA=.html,边讲边画2,插画-插画习作,['5.6w'],['114'],['2136'],['鬼画胡子']
https://www.zcool.com.cn/work/ZNDY5MTYzNjQ=.html,【旅行的意义】 -巴黎的阳光-,摄影-游记,['2.9w'],['53'],['244'],['晆时_micheal']
https://www.zcool.com.cn/work/ZNDY5MTMwODA=.html,简笔插画2020.7-8月,插画-儿童插画,['3.0w'],['68'],['1299'],['巴颜简笔插画']
https://www.zcool.com.cn/work/ZNDY5MTEzODA=.html,白碌米酒IP创意案,平面-吉祥物,['2.5w'],['87'],['1700'],['钱江盖饭']
https://www.zcool.com.cn/work/ZNDY4MDA5OTI=.html,web design of glasses,网页-企业官网,['1.8w'],['44'],['431'],['zack820']
https://www.zcool.com.cn/work/ZNDY5MTEzMTY=.html,Butter Sans ,平面-字体/字形,['2.5w'],['49'],['596'],['李扑通']
https://www.zcool.com.cn/work/ZNDY5MTM5NTY=.html,《爷爷和他的朋友们》浙江教育出版社,插画-绘本,['1.7w'],['39'],['620'],['梁灵惠']
https://www.zcool.com.cn/work/ZNDY5MDY5Mjg=.html,若来新文创——不仅迷糊还有起床气的BEDDY,平面-吉祥物,['2.4w'],['197'],['1516'],['我不是集翔物']
https://www.zcool.com.cn/work/ZNDY5MDU5MzI=.html,Kodice 2020 FW 黑天使的蜕变之旅,摄影-时尚,['1.8w'],['26'],['303'],['諾亞大象']
https://www.zcool.com.cn/article/ZMTE2NTY3Mg==.html,增长思维做设计,文章-观点-UI,['2.8w'],['77'],['431'],['ExperienceDesign']
https://www.zcool.com.cn/work/ZNDY5MDYwOTI=.html,Monument Valley,摄影-环境/建筑,['2.3w'],['40'],['746'],['Jonas_daley']
https://www.zcool.com.cn/work/ZNDY5MDA4NjA=.html,昆仑书-八月题,平面-字体/字形,['1.0w'],['49'],['129'],['年仑']
https://www.zcool.com.cn/work/ZNDY5MDM2ODQ=.html,英雄联盟 乘风归 前期概念设计 后期背景,动漫-动画片,['2.2w'],['112'],['1035'],['邓洪波']
https://www.zcool.com.cn/work/ZNDY5MDMxODQ=.html,QQ炫舞：致敬经典,影视-宣传片,['3.2w'],['99'],['1381'],['amusedart']
https://www.zcool.com.cn/work/ZNDY4OTkyNjg=.html,小米10 青春版,三维-产品,['1.8w'],['42'],['531'],['UoUstudio']
https://www.zcool.com.cn/work/ZNDY4ODM0MjA=.html,[Nothing]火箭少女演唱会视觉规划 ,影视-栏目包装,['6.2w'],['36'],['712'],['keys']
https://www.zcool.com.cn/work/ZNDY4OTIwMTI=.html,24 Seasonal Graphics : MUN-EO(octopus) / 章鱼,平面-信息图表,['1.1w'],['24'],['395'],['cinhaus']
https://www.zcool.com.cn/work/ZNDY4OTQ2MTI=.html,若来文创--MIKO（米可）女巫的预言,平面-吉祥物,['2.2w'],['69'],['1172'],['重生宝宝']
https://www.zcool.com.cn/work/ZNDY4ODQ3NDA=.html,懒散集-字体杂选,平面-字体/字形,['2.4w'],['119'],['581'],['范钧元']
https://www.zcool.com.cn/work/ZNDY4ODY0MTI=.html,若来文创--Cherry & Berry,平面-吉祥物,['1.0w'],['34'],['355'],['Pooker_']
https://www.zcool.com.cn/work/ZNDY4NjAxNzI=.html,飞舶Ebe-Schott｜ i型吹风机,摄影-产品,['3.3w'],['94'],['880'],['MOl摩尔']
https://www.zcool.com.cn/work/ZNDY4OTE3Njg=.html,高手坐堂——汤臣杰逊【电商作品点评】,网页-电商,['3.7w'],['142'],['696'],['汤臣杰逊']
https://www.zcool.com.cn/work/ZNDY4ODIyMTI=.html,一些字typeface,平面-字体/字形,['3.9w'],['120'],['1063'],['秋刀鱼设计']
https://www.zcool.com.cn/work/ZNDY4ODA4NDg=.html,迪升字悟-百字百态（手写体50组）,平面-字体/字形,['1.9w'],['39'],['303'],['迪升']
https://www.zcool.com.cn/work/ZNDY3ODU3MDA=.html,主题|幻想·家原创设计系列 幻想生活，用心点亮,工业/产品-生活用品,['1.6w'],['18'],['471'],['网易严选IDC']
https://www.zcool.com.cn/work/ZNDY4ODQxMzI=.html,ZCOOL 14anniversary,三维-其他三维,['1.3w'],['85'],['870'],['x行骗艺术家']
https://www.zcool.com.cn/work/ZNDY4ODYyNDA=.html,战马饮料全新线上视觉形象构建,网页-企业官网,['2.1w'],['126'],['880'],['梁敏亮']
https://www.zcool.com.cn/article/ZMTE2NjM2MA==.html,超详细版画风格教程，赶快Mark住！,文章-教程-平面,['3.5w'],['62'],['1596'],['研习设K先生']
https://www.zcool.com.cn/work/ZNDY4NjY5MDA=.html,囷园 · 科技文化创意园改造方案设计,空间-室内设计,['3.1w'],['21'],['672'],['设计研社']
https://www.zcool.com.cn/article/ZMTE2NTc4OA==.html,#我是毕业生# 毕设，玩出了一本让人“哇塞”的书！,文章-专访-其他,['2.8w'],['69'],['1349'],['站酷青春答卷']
https://www.zcool.com.cn/work/ZNDMzMTM1NDg=.html,渣熊作《无邪图》30*40,插画-商业插画,['1.7w'],['65'],['1411'],['绘画小能手渣熊']
https://www.zcool.com.cn/work/ZNDY4NTE3ODQ=.html,与作家杨鹏合作的插画,插画-儿童插画,['1.4w'],['19'],['251'],['谛缘花']
https://www.zcool.com.cn/work/ZNDY4NjQ1NjQ=.html,一梦江湖：幸甚有你,影视-短片,['1.5w'],['31'],['233'],['amusedart']
https://www.zcool.com.cn/work/ZNDY4Mzk1NDg=.html,创意木雕“手机狂热”——当动物们也玩起了手机,手工艺-手办/模玩,['5.6w'],['159'],['1923'],['大勇的脑洞O']
https://www.zcool.com.cn/work/ZNDY4NDMzNjg=.html,Bounce桌面智能药盒设计,工业/产品-电子产品,['3.8w'],['118'],['1024'],['張無忌']
https://www.zcool.com.cn/work/ZNDY4NDIxMDQ=.html,OnePlus X ,工业/产品-电子产品,['1.6w'],['60'],['221'],['Hope然']
https://www.zcool.com.cn/work/ZNDY4NDE5MDA=.html,CANDLE肯豆——若来新文创IP形象设计大赛,平面-吉祥物,['3.4w'],['269'],['2791'],['淀清']
https://www.zcool.com.cn/work/ZNDY4MzI4MjQ=.html,为游戏《穿越火线》创作的角色立绘,插画-游戏原画,['1.8w'],['92'],['1116'],['7thorange']
https://www.zcool.com.cn/work/ZNDY4MzEyMjA=.html,一些轩辕剑龙舞云山的游戏场景、插画设计,插画-概念设定,['2.2w'],['34'],['1324'],['MORNCOLOUR']
https://www.zcool.com.cn/work/ZNDY4Mjc3OTY=.html,《心·偎》,纯艺术-其他艺创,['2.0w'],['50'],['988'],['何石磊Leo']
https://www.zcool.com.cn/work/ZNDY4MjMzNDA=.html,7LEAF MONSTER III,插画-其他插画,['2.7w'],['98'],['978'],['7leaf']
https://www.zcool.com.cn/work/ZNDY4NDAyNDQ=.html,良年电视柜|原创设计,工业/产品-家具,['9720'],['30'],['195'],['良年家具']
https://www.zcool.com.cn/article/ZMTE2NTY5Mg==.html,2020-2021 设计趋势ISUX报告 · 潮玩篇,文章-观点-多领域,['2.0w'],['20'],['298'],['腾讯ISUX']
https://www.zcool.com.cn/work/ZNDY4MzM2MjA=.html,作品分享,网页-企业官网,['2.1w'],['55'],['301'],['青松_青麦文化']
https://www.zcool.com.cn/work/ZNDY4MzIwODQ=.html,清雨宫行,摄影-人像,['6.5w'],['151'],['1249'],['摄影师蝈蝈小姐']
https://www.zcool.com.cn/work/ZNDU2NjIyMDA=.html,光阴舞蹈家,摄影-人像,['1.2w'],['17'],['423'],['七七小菇凉']
https://www.zcool.com.cn/work/ZNDY4MjY1Njg=.html,蛋糕店 蛋糕 品牌 VI设计 甜品设计 餐饮设计 餐饮VI ,平面-品牌,['11w'],['178'],['1911'],['郑昌洪']
https://www.zcool.com.cn/work/ZNDY4MjQ4MzY=.html,歌赋诗意 海上生明月,平面-包装,['3.1w'],['83'],['894'],['东方好礼']
https://www.zcool.com.cn/work/ZNDY3ODIxODQ=.html,食摄马也·CHINA驰系列 | 廿四节气-立秋,摄影-静物,['2.5w'],['60'],['1127'],['马也美食摄影']
https://www.zcool.com.cn/article/ZMTE2NTYyNA==.html,《乐夏》开播前，五条人就已经靠设计出圈了,文章-资讯-多领域,['3.5w'],['56'],['702'],['BranD杂志']
https://www.zcool.com.cn/article/ZMTE2NTYyOA==.html,12种免费商用的高质量谷歌开源英文字体分享,文章-观点-多领域,['2.5w'],['152'],['2782'],['梁定然_霍普斯汀']
https://www.zcool.com.cn/work/ZNDY4MTc3NTY=.html,乘风破浪的momo子,动漫-网络表情,['2.0w'],['66'],['322'],['菠萝冰淇淋']
https://www.zcool.com.cn/work/ZNDY4MDM2Njg=.html,《每天和每天不一样》系列第四辑,插画-绘本,['1.9w'],['33'],['584'],['天朝羽']
https://www.zcool.com.cn/work/ZNDY4MTA4MDQ=.html,月饼合集 | Mansion View Studio,摄影-静物,['3.3w'],['65'],['717'],['MansionView']
https://www.zcool.com.cn/work/ZNDY3OTU3ODA=.html,张祖文《寻找特潘塔》,插画-儿童插画,['2.4w'],['20'],['284'],['liarsliar']
https://www.zcool.com.cn/work/ZNDY3OTUxNjg=.html,练习作品#poso#,插画-商业插画,['1.4w'],['90'],['839'],['PS孝康']
https://www.zcool.com.cn/work/ZNDY3ODUzMDA=.html,商业稿件集合,插画-商业插画,['6.1w'],['54'],['1075'],['FCCK']
https://www.zcool.com.cn/work/ZNDY4MTAxNTI=.html,原来，是你喔！,摄影-人像,['6.3w'],['66'],['477'],['蔡九记']
https://www.zcool.com.cn/work/ZNDU2OTczNTY=.html,哲品 π杯2.0 便携旅行茶具,工业/产品-生活用品,['4.0w'],['39'],['270'],['许倩武']
https://www.zcool.com.cn/work/ZNDY4MTE1OTI=.html,鱼和熊掌不可兼得，但单身和穷可以。,动漫-三维动画,['1.5w'],['34'],['483'],['萌芽熊DooroBear']
https://www.zcool.com.cn/work/ZNDY4MDg0NTY=.html,人间清欢可期 古风原创唯美MV,摄影-人像,['3.2w'],['158'],['1357'],['忱瑾子']
https://www.zcool.com.cn/work/ZNDY2ODYwNTI=.html,跑跑卡丁车官方竞速版 表情包,动漫-网络表情,['1.6w'],['28'],['373'],['欧欧帕克OOPark']
https://www.zcool.com.cn/work/ZNDY4MDk4OTY=.html,非人哉593-595,动漫-短篇/四格漫画,['2.2w'],['47'],['1171'],['非人哉漫画']
https://www.zcool.com.cn/work/ZNDY4MDk3NTI=.html,《刺客信条II》艾吉奥（Ezio）1：6比例珍藏人偶,工业/产品-玩具,['6951'],['23'],['89'],['DAMTOYS']
https://www.zcool.com.cn/work/ZNDY3OTg5MzY=.html,《梦的宇宙志》夢の宇宙誌 - 书籍装帧设计,平面-书籍,['2.2w'],['48'],['513'],['亿电设eDeSIGN']
https://www.zcool.com.cn/article/ZMTE2MzI4MA==.html,情感化设计,文章-观点-UI,['2.8w'],['81'],['503'],['ExperienceDesign']
https://www.zcool.com.cn/work/ZNDY3ODAyMDQ=.html,彩铅作品-守望,纯艺术-彩铅,['3.6w'],['250'],['3725'],['方寸Lei']
https://www.zcool.com.cn/work/ZNDY3OTkzODQ=.html,复古穿搭—C4D角色穿搭集,三维-人物/生物,['6.5w'],['276'],['2278'],['亚麻zero']
https://www.zcool.com.cn/work/ZNDY3ODI0NzY=.html,LOVE THE BAR 情迷酒吧-OPPO主题设计大赛,UI-主题/皮肤,['1.7w'],['67'],['692'],['jeeplee']
https://www.zcool.com.cn/work/ZNDY3ODY3OTI=.html,尚巍手书,平面-字体/字形,['2.9w'],['33'],['453'],['尚巍']
https://www.zcool.com.cn/work/ZNDY3ODM2MzI=.html,2020电商详情页商业案例总结,网页-电商,['6.6w'],['94'],['1288'],['魏佺']
https://www.zcool.com.cn/work/ZNDY3Nzc4MDQ=.html,如果我有一碗糖水｜喜茶 x 趙記傳承 ｜THE EAT FOODIE,摄影-产品,['7.7w'],['147'],['1276'],['TheEat得意摄影']
https://www.zcool.com.cn/work/ZNDY3ODIxMjQ=.html,GUMON谷蘑 2020春季夏季限定,工业/产品-玩具,['1.9w'],['56'],['818'],['LANGELIUYUAN']
https://www.zcool.com.cn/work/ZNDY3NzgxMTY=.html,【洽洽食品】葵花节活动视觉策划分享,网页-电商,['4.8w'],['114'],['1474'],['杰克sean']
https://www.zcool.com.cn/work/ZNDY3NzU5NjA=.html,2020梦幻西游端游武神坛设计项目总结,平面-品牌,['2.9w'],['48'],['396'],['网易CFun设计中心']
https://www.zcool.com.cn/work/ZNDY3NzUzNzY=.html,二零年八月手写字体,平面-字体/字形,['1.8w'],['47'],['357'],['糖果雨']
https://www.zcool.com.cn/work/ZNDY2NTE0MDg=.html,"""Let's Bite The Bullet""",动漫-单幅漫画,['4.3w'],['83'],['1368'],['MUCRO']
https://www.zcool.com.cn/work/ZNDY3NjM0MTI=.html,【青爵】灵魂燃烧，颜色不止,插画-其他插画,['3.2w'],['141'],['1312'],['青爵']
https://www.zcool.com.cn/work/ZNDY3NTg5Njg=.html,北京卫视春节联欢晚会LOGO | 毛婷,平面-标志,['4.8w'],['91'],['948'],['MAOS毛婷']
https://www.zcool.com.cn/work/ZNDY3Njg2NDg=.html,上海JMS品牌概念IP设计,平面-吉祥物,['1.9w'],['36'],['469'],['李三口LEE']
https://www.zcool.com.cn/work/ZNDY3NjYyNjQ=.html,realmeC11xUOU,三维-产品,['1.7w'],['36'],['711'],['UoUstudio']
https://www.zcool.com.cn/work/ZNDY3NjA3MzI=.html,Aoi图书装帧设计17,平面-书籍,['4.0w'],['67'],['1625'],['aoi___']
https://www.zcool.com.cn/work/ZNDY3NTMyMjA=.html,NSC-2020作品合集二,平面-品牌,['2.7w'],['39'],['1028'],['NSCCREW']
https://www.zcool.com.cn/work/ZNDY3NTMwNzI=.html,2020年第一二季度BOCBrandCenter团队作品,网页-企业官网,['2.3w'],['24'],['461'],['BOCBrandCenter0']
https://www.zcool.com.cn/work/ZNDY3NTE4ODg=.html,WISEMIND 海报作品,平面-海报,['1.6w'],['36'],['698'],['玖作文化']
https://www.zcool.com.cn/work/ZNDY3MjcxNjA=.html,李雷与韩梅梅（零食）品牌IP整合设计,平面-品牌,['14w'],['102'],['1560'],['赤犬制造所REDOG']
https://www.zcool.com.cn/work/ZNDY3NDgwODA=.html,|开门七件事Part.01|,平面-宣传品,['2.2w'],['28'],['400'],['谷龙']
https://www.zcool.com.cn/work/ZNDY1NjA2MDg=.html,OPPO RENO4 PRO 海外版产品站设计,网页-企业官网,['3.0w'],['63'],['326'],['Tyler_W']
https://www.zcool.com.cn/work/ZNDY3NDgwNDQ=.html,《 ZOOTA 左塔 》新锐彩妆品牌设计,平面-品牌,['3.7w'],['33'],['574'],['你好大海品牌设计']
https://www.zcool.com.cn/work/ZNDY3NDY4MTI=.html,若来文创--动物园里有什么,平面-吉祥物,['7.7w'],['171'],['1399'],['快乐肥宅小鱼仔']
https://www.zcool.com.cn/work/ZNDY3NDIyMjQ=.html,通用信息平台UED | 字节跳动LOGO创意延展大赛特邀作品,平面-品牌,['4.5w'],['134'],['3118'],['字节跳动']
https://www.zcool.com.cn/work/ZNDY3NDM5MDQ=.html,Cyberpunk RWB UE4,三维-机械/交通,['1.3w'],['69'],['501'],['James_Q']
https://www.zcool.com.cn/article/ZMTE2NDExNg==.html,#我是毕业生# 我用设计对话未来,文章-专访-其他,['3.1w'],['88'],['342'],['站酷青春答卷']
https://www.zcool.com.cn/work/ZNDY3MTY4MDg=.html,最美西部系列之大柴旦翡翠湖,摄影-风光,['2.0w'],['54'],['986'],['路遥Suvan']
https://www.zcool.com.cn/work/ZNDY3MzA4NTI=.html,《mobile legends adventure》轻松策略放置类手游项目,UI-游戏UI,['1.7w'],['82'],['689'],['冰冰UI']
https://www.zcool.com.cn/work/ZNDY3MTczNDQ=.html,Pennywise(小丑回魂),三维-人物/生物,['3.2w'],['136'],['1163'],['Eobard_Jiang']
https://www.zcool.com.cn/work/ZNDY3MjI2MTI=.html,DMK达美康 · 官网2020,网页-企业官网,['6.6w'],['152'],['1352'],['应凡互动']
https://www.zcool.com.cn/work/ZNDY3Mjc3MDg=.html,以书房文化为核心的和府捞面，如何找到更强的感召力?,平面-品牌,['8.9w'],['77'],['1113'],['容品牌']
https://www.zcool.com.cn/article/ZMTE2MTY3Ng==.html,番茄小说设计语言分析,文章-观点-多领域,['2.1w'],['50'],['675'],['今日头条UED']
https://www.zcool.com.cn/work/ZNDY3MjAzMDg=.html,32期（广告摄影日记）：落选的妃子,摄影-其他摄影,['3.2w'],['50'],['386'],['禅宗喝水']
https://www.zcool.com.cn/work/ZNDY3MjA2MjQ=.html,十二生肖,网页-其他网页,['9.2w'],['354'],['6503'],['卡忙']
https://www.zcool.com.cn/work/ZNDY3MTUwOTY=.html,POSTER PROJECT 招贴计划Ⅱ,平面-海报,['4.7w'],['62'],['709'],['陳冰']
https://www.zcool.com.cn/work/ZNDY3MTI0MDg=.html,绽影像之《燃枝》,摄影-静物,['1.1w'],['15'],['480'],['陈绽']
https://www.zcool.com.cn/work/ZNDY2ODI1NjQ=.html,若来新文创——大耳鼠POLA节日主题盲盒设计,平面-吉祥物,['2.1w'],['22'],['752'],['超重力兔子hanna']
https://www.zcool.com.cn/activity/ZMzg0.html,[Calligraphy X Lettering]手写西文字体30天创意挑战,活动-线上活动,['1.5w'],无,['386'],['汝词工作室']
https://www.zcool.com.cn/work/ZNDY3MTc3MTI=.html,《侠行天龙》毛不易动画MV,影视-Motion Graphic,['3.4w'],['57'],['899'],['恬叔叔']
https://www.zcool.com.cn/work/ZNDY3MDc5MTY=.html,2020年上半年工作合集,UI-APP界面,['12w'],['452'],['3304'],['Jies_L']
https://www.zcool.com.cn/work/ZNDY2OTcxMDg=.html,OPPO · GORGEOUS GREY,UI-主题/皮肤,['2.2w'],['132'],['1412'],['烨翔君就是陈滑翔']
https://www.zcool.com.cn/work/ZNDY3MDUwMzY=.html,不正经的爆改领克03已经上线！12缸搞起，还送超宽体！,工业/产品-交通工具,['3.2w'],['86'],['632'],['sugarchow']
https://www.zcool.com.cn/work/ZNDY3MTI2MDA=.html,[分形插画]七彩国度 vol.05 （1080P壁纸福利） ,插画-商业插画,['4.1w'],['103'],['1003'],['春和绘']
https://www.zcool.com.cn/work/ZNDY3MDgzODA=.html,稀游记之，妖精鬼怪来报道,插画-商业插画,['1.7w'],['80'],['605'],['肖连升']
https://www.zcool.com.cn/work/ZNDY2ODEwOTY=.html,《重启之极海听雷》,插画-概念设定,['2.0w'],['78'],['737'],['北斗北工作室']
https://www.zcool.com.cn/article/ZMTE2MzQ0MA==.html,市场营销与视觉设计形态的内在关系,文章-教程-平面,['3.1w'],['84'],['930'],['风的诗人']
https://www.zcool.com.cn/work/ZNDY2OTQzOTY=.html,独立动画 | ALIVE - 渥太华国际动画节入围影片,动漫-动画片,['1.1w'],['40'],['350'],['林思涵Sihan']
https://www.zcool.com.cn/work/ZNDY2ODUzNzY=.html,2020歌手x天宇手写,平面-字体/字形,['1.9w'],['110'],['860'],['姚天宇_']
https://www.zcool.com.cn/work/ZNDY2ODI2MzI=.html,REDMIBOOK 16,三维-产品,['1.7w'],['30'],['452'],['UoUstudio']
https://www.zcool.com.cn/work/ZNDY2NzkzMjg=.html,风帧（KIFRAME）X 威能地暖《在意你的温度》,动漫-动画片,['1.2w'],['19'],['225'],['KiframeStudio']
https://www.zcool.com.cn/work/ZNDY2NzU3OTI=.html,七月手写书法字体,平面-字体/字形,['3.4w'],['72'],['571'],['妙典']
https://www.zcool.com.cn/work/ZNDY2NzIxNDA=.html,萤火之森 - OPPO主题设计大赛,UI-主题/皮肤,['2.1w'],['141'],['665'],['大鸡木']
https://www.zcool.com.cn/work/ZNDY2NzMyNDA=.html,青岛啤酒×潘虎｜你只管做强做大 我负责貌美如花,平面-包装,['5.8w'],['178'],['922'],['潘虎设计实验室']
https://www.zcool.com.cn/work/ZNDY2NzU4MTI=.html,THIS IS TFT！,三维-动画/影视,['2.4w'],['46'],['664'],['一只YIZ']
https://www.zcool.com.cn/work/ZNDY2NzIwODg=.html,"""蓝鲸音乐节""主视觉",插画-商业插画,['1.2w'],['78'],['642'],['晓前']
https://www.zcool.com.cn/article/ZMTE2Mjg0OA==.html,设计大事件【2020年7月下】,文章-资讯-多领域,['3.6w'],['155'],['592'],['站酷网']
https://www.zcool.com.cn/work/ZNDY2Njg3NjA=.html,阿滚湖北旅行故事合集,插画-其他插画,['1.6w'],['32'],['579'],['阿尨']
https://www.zcool.com.cn/work/ZNDY2NjQ3NTY=.html,山田土2020多来米發礼盒,平面-包装,['4.6w'],['73'],['735'],['山田土']
https://www.zcool.com.cn/work/ZNDY2NjQ2MzI=.html,【小王】* 流浪,平面-字体/字形,['1.3w'],['69'],['152'],['敬文齋品牌']
https://www.zcool.com.cn/work/ZNDY2NjM1MjQ=.html,详情页X3,网页-电商,['4.1w'],['169'],['1311'],['谢小董']
https://www.zcool.com.cn/work/ZNDY2NTg1MTY=.html,企查查/我闪我躲我查/创意人物广告摄影,摄影-人像,['5.7w'],['574'],['747'],['文勤wenqin']
https://www.zcool.com.cn/work/ZNDY2NTU2MDg=.html,元气水滴,摄影-人像,['12w'],['158'],['908'],['海螺壳']
https://www.zcool.com.cn/work/ZNDY2NjE3MDA=.html,作为《海贼王》的资深海米，我们把它玩成了定格动画,动漫-其他动漫,['4.5w'],['98'],['1223'],['IN_STUDIO']
https://www.zcool.com.cn/article/ZMTE2MjczNg==.html,#我是毕业生# 自己有态度，作品才会有态度,文章-专访-影视,['2.5w'],['44'],['711'],['站酷青春答卷']
https://www.zcool.com.cn/work/ZNDY2NTA0NTY=.html,陶虹,摄影-人像,['2.2w'],['32'],['559'],['摄影师陈墨墨']
https://www.zcool.com.cn/work/ZNDY2NTE5ODQ=.html,课稿更新,插画-概念设定,['2.2w'],['103'],['1882'],['老银']
https://www.zcool.com.cn/work/ZNDY2NTM0ODA=.html,#2020青春答卷#  《白日梦魇 Daymare》,动漫-动画片,['2.2w'],['82'],['737'],['中传动院动画系']
https://www.zcool.com.cn/work/ZNDY2NDY1Njg=.html,Life Flavoring 生活调味剂 —— OPPO主题设计大赛,UI-主题/皮肤,['2.0w'],['153'],['706'],['ttcheung']
https://www.zcool.com.cn/article/ZMTE1NjcwNA==.html,2020-2021 设计趋势 · 运营篇,文章-观点-多领域,['2.6w'],['23'],['1095'],['腾讯ISUX']
https://www.zcool.com.cn/work/ZNDY2MzkwNTI=.html,IDEAS BOOK VOL.09,插画-插画习作,['1.7w'],['48'],['728'],['Fireye峰']
https://www.zcool.com.cn/work/ZNDY2Mzc5MTI=.html,机械生命体 很多图,纯艺术-装置,['3.0w'],['62'],['372'],['tanhaoff']
https://www.zcool.com.cn/work/ZNDY2NTAxMDA=.html,【第五人格】深渊的呼唤Ⅲ 倒计时视频,三维-动画/影视,['1.9w'],['48'],['631'],['魔格工作室']
https://www.zcool.com.cn/work/ZNDY2MDkwMzY=.html,Sticker Life · OPPO主题设计大赛,UI-主题/皮肤,['1.7w'],['174'],['924'],['L_Zhou']
https://www.zcool.com.cn/work/ZNDY2NDg5NTI=.html,非人哉591-592,动漫-短篇/四格漫画,['2.4w'],['33'],['836'],['非人哉漫画']
https://www.zcool.com.cn/work/ZNDY2NDY3NDA=.html,2019UABB宝安桥头社区——坐标：剧场主视觉及衍生设计,平面-宣传品,['1.6w'],['29'],['377'],['上启艺术']
https://www.zcool.com.cn/work/ZNDY2NDY1NTY=.html,Mermaid Kiss/紫亲/田螺煎鸡蛋,平面-吉祥物,['3.8w'],['70'],['850'],['田螺煎鸡蛋']
https://www.zcool.com.cn/work/ZNDY2MjIzNDQ=.html,联想拯救者电竞手机Pro，为战而生,工业/产品-电子产品,['4.2w'],['80'],['476'],['BITONE叶青司机']
https://www.zcool.com.cn/work/ZNDY2MzY2NDg=.html,餐饮VI 餐饮品牌 VI设计 vi 餐饮 ,平面-品牌,['7.4w'],['114'],['1123'],['开门见三']
https://www.zcool.com.cn/work/ZNDY2MzAxMzY=.html,|DUNDUN BRAND DESIGN|,平面-品牌,['3.8w'],['59'],['766'],['谷龙']
https://www.zcool.com.cn/work/ZNDY2MTk3MzI=.html,爱乐甜品牌升级,平面-品牌,['9.7w'],['84'],['1017'],['吾苍山']
https://www.zcool.com.cn/article/ZMTE2MjE5Mg==.html,Adobe XD 2020最新版1小时10分钟给你盘的明明白白。,文章-教程-UI,['2.5w'],['87'],['436'],['牛MO王']
https://www.zcool.com.cn/work/ZNDY2MjA0MDA=.html,《河神2》海报,摄影-人像,['9.3w'],['144'],['1772'],['之南Karen']
https://www.zcool.com.cn/work/ZNDY2MTMxMTI=.html,《今天的菜很新鲜哦》手绘系列插画（含绘画解说视频）,插画-插画习作,['3.1w'],['138'],['1386'],['猫屋Becky']
https://www.zcool.com.cn/work/ZNDY2MTgzMTI=.html,意大利主宾国 西博会形象 - 品牌VI,平面-品牌,['2.6w'],['36'],['615'],['亿电设eDeSIGN']
https://www.zcool.com.cn/work/ZNDY2MTY4NDQ=.html,最近做了什么？,平面-图案,['4.8w'],['119'],['1042'],['豆腐小僧']
https://www.zcool.com.cn/work/ZNDY2MTU0MDg=.html,【GOOJI夏日饮品系列】童年喝点啥？,平面-图案,['4.7w'],['132'],['1361'],['IamMe榨菜']
https://www.zcool.com.cn/work/ZNDY2MTI3NzI=.html,【书籍设计】在路上,平面-书籍,['1.6w'],['20'],['419'],['談天']
https://www.zcool.com.cn/work/ZNDY2MDU5NzY=.html,两头蛇-解珍an双尾蝎-解宝,插画-商业插画,['1.6w'],['46'],['698'],['张墨一']
https://www.zcool.com.cn/work/ZNDY2MDAzMjg=.html,英雄联盟 #LOL绽灵节# 十人群像,插画-商业插画,['4.7w'],['73'],['913'],['BanBan半半']
https://www.zcool.com.cn/work/ZNDY1NzUzNDA=.html,百度APP x 中国航天探火工程-百度火星车征名创意视频,影视-Motion Graphic,['2.0w'],['37'],['203'],['NIXstudio']
https://www.zcool.com.cn/work/ZNDY2MDE1NjQ=.html,3D打印品牌数字设计——Phaetus,UI-其他UI  ,['1.9w'],['17'],['201'],['邵飞Design']
https://www.zcool.com.cn/article/ZMTE2MTg0OA==.html,#我是毕业生# 九个月，斗出“关公战秦琼”,文章-专访-多领域,['1.1w'],['56'],['309'],['站酷青春答卷']
https://www.zcool.com.cn/work/ZNDY1ODc0NjA=.html,带上橘猫去旅行系列插画集,插画-商业插画,['6.3w'],['345'],['4756'],['魏大葱有木瓜']
https://www.zcool.com.cn/work/ZNDY1OTI0NTI=.html,霓虹深渊,其他-独立游戏,['2.0w'],['44'],['484'],['imlans']
https://www.zcool.com.cn/work/ZNDY1OTY5NjQ=.html,OPPO FINDX2兰博基尼全球产品站,网页-企业官网,['2.6w'],['78'],['432'],['执楠科技']
https://www.zcool.com.cn/work/ZNDY1OTk1MDQ=.html,山田土茶小饮系列,平面-包装,['4.2w'],['60'],['399'],['山田土']
https://www.zcool.com.cn/article/ZMTE2MTcwMA==.html,冯铁：想拓展职业寿命，我有些建议送给你,文章-专访-多领域,['1.9w'],['36'],['433'],['站酷奖']
https://www.zcool.com.cn/work/ZNDY1OTk5OTY=.html,谈恋爱真的很麻烦，我可不可以麻烦你呀？,动漫-三维动画,['1.3w'],['42'],['377'],['萌芽熊DooroBear']
https://www.zcool.com.cn/work/ZNDY1OTcyMzY=.html,若来-MISS CHEESE,平面-吉祥物,['1.6w'],['67'],['686'],['狂奔的包子插画铺']
https://www.zcool.com.cn/work/ZNDY1ODk2MzY=.html,云端漫步 | CUCCOO 运动鞋--轻到飞起来,摄影-产品,['4.6w'],['68'],['332'],['当下视觉摄影']
https://www.zcool.com.cn/work/ZNDY1OTM5NTY=.html,VON STUDIO X 伊利QQ星揉揉小肚子,三维-动画/影视,['1.2w'],['27'],['307'],['VONSTUDIO']
https://www.zcool.com.cn/work/ZNDY1ODgzODA=.html,【犬系女孩】-吉祥物-IP形象全案,平面-吉祥物,['2.5w'],['96'],['1175'],['OWL丨studio']
https://www.zcool.com.cn/work/ZNDY1ODc0OTY=.html,汉字境/一字禅《七月素问》,平面-字体/字形,['2.1w'],['22'],['238'],['zenith徐伟']
https://www.zcool.com.cn/work/ZNDY1ODcwMDA=.html,【津门神兽·天津卫酒】白酒包装,平面-包装,['2.4w'],['54'],['420'],['小狼君LangcerLee']
https://www.zcool.com.cn/work/ZNDY1OTE5Mjg=.html,良年|安室餐桌|原创设计,工业/产品-家具,['1.4w'],['26'],['112'],['良年家具']
https://www.zcool.com.cn/article/ZMTE2MTUyMA==.html,【Fake 3D】Ae角色头部绑定探讨,文章-教程-多领域,['1.7w'],['28'],['857'],['设计师爱动效']
https://www.zcool.com.cn/work/ZNDY1OTA3MDg=.html,在家蹲的日子里,动漫-中/长篇漫画,['1.7w'],['69'],['523'],['伊月eyue']
https://www.zcool.com.cn/activity/ZMzgw.html,高手坐堂-汤臣杰逊·张栋梁，寻找电商差异化,活动-线上活动,['3.7w'],无,['1333'],['汤臣杰逊']
https://www.zcool.com.cn/work/ZNDY1ODAzNzI=.html,东方胖丸涂装设计,手工艺-手办/原型,['1.6w'],['81'],['707'],['我不是集翔物']
https://www.zcool.com.cn/work/ZNDY1NzUxNTY=.html,花西子详情设计,网页-电商,['8.5w'],['229'],['3236'],['山海鲸']
https://www.zcool.com.cn/work/ZNDY1Nzc4NDA=.html,达摩院,三维-动画/影视,['4.7w'],['75'],['765'],['静sky痕']
https://www.zcool.com.cn/work/ZNDY1NzA0MDA=.html,yes！summer comes！,摄影-人像,['8.3w'],['111'],['688'],['徐八喵']
https://www.zcool.com.cn/work/ZNDY1Njk5NDQ=.html,Hungon,平面-吉祥物,['1.8w'],['179'],['1151'],['hasebe']
https://www.zcool.com.cn/work/ZNDY1NjA0MjA=.html,7AM DAISY - BRANDING,平面-品牌,['2.4w'],['45'],['492'],['BLANKO_OCEAN']
https://www.zcool.com.cn/work/ZNDY1NjUxMDA=.html,[教堂万物] -梵蒂冈的圣彼得-,摄影-环境/建筑,['2.0w'],['50'],['362'],['晆时_micheal']
https://www.zcool.com.cn/work/ZNDY1NjQ3MzY=.html,春潮.飞行日记/First lost. Fond dream ,插画-插画习作,['4.3w'],['403'],['5261'],['孙无力']
https://www.zcool.com.cn/work/ZNDYzNDIzNjg=.html,山田土「有声有色」系列中秋礼盒,平面-包装,['3.4w'],['98'],['497'],['山田土']
https://www.zcool.com.cn/work/ZNDY1MDI1NjA=.html,#2020青春答卷#  《先知》,动漫-动画片,['8989'],['18'],['172'],['中传动院动画系']
https://www.zcool.com.cn/work/ZNDY1NjExODA=.html,【飞鹤】618活动首页+超级品牌日视觉策划作品分享,网页-电商,['3.0w'],['97'],['991'],['潜云设计团队']
https://www.zcool.com.cn/work/ZNDY1NTY5MDQ=.html,云顶之星,平面-吉祥物,['9572'],['49'],['494'],['二二三']
https://www.zcool.com.cn/work/ZNDY1NTMzOTY=.html,小小英雄-火灵,平面-吉祥物,['9782'],['57'],['541'],['小太太太空']
https://www.zcool.com.cn/work/ZNDY1NTEyMjA=.html,少女（一）,插画-商业插画,['3.9w'],['227'],['3036'],['Nutdream']
https://www.zcool.com.cn/work/ZNDY1NTExODQ=.html,岱走岱山/文创品牌,平面-品牌,['5.4w'],['36'],['930'],['禾作文创']
https://www.zcool.com.cn/work/ZNDY1NDc0NDg=.html,沙悟净与行僧,插画-商业插画,['1.4w'],['35'],['684'],['插画杨权']
https://www.zcool.com.cn/work/ZNDY1Mzk2MjA=.html,THE FEATHER MAN  ·  羽 人,插画-概念设定,['2.7w'],['43'],['960'],['六雲']
https://www.zcool.com.cn/work/ZNDY1NDM2MzY=.html,纳米比亚｜另一个星球世界,摄影-风光,['6.2w'],['176'],['2012'],['摄影师武林']
https://www.zcool.com.cn/work/ZNDY1MzM5MjQ=.html,昆虫游记-让我们再游一圈丛林看看大自然的小精灵,摄影-微距,['5.8w'],['136'],['1291'],['深圳瓜哥']
https://www.zcool.com.cn/work/ZNDY1NDM1MDA=.html,迪升 X 电影《征途》字体创作,平面-字体/字形,['3.7w'],['56'],['421'],['迪升']
https://www.zcool.com.cn/work/ZNDYwNzAzNDQ=.html,喜怒哀乐调和酒1698  剣雨阑心 .,平面-包装,['3.1w'],['45'],['235'],['剣雨阑心']
https://www.zcool.com.cn/work/ZNDY1Mjk3MDA=.html,《古董局中局2》,插画-概念设定,['4.7w'],['26'],['288'],['北斗北工作室']
https://www.zcool.com.cn/work/ZNDY1MzAwOTY=.html,《TOC云顶之弈-公开赛》,插画-商业插画,['2.2w'],['70'],['1096'],['林钿lintian']
https://www.zcool.com.cn/work/ZNDY1MjgzNjQ=.html,1/6 俄联邦武装部队 - 俄罗斯狙击手 特别版 / 精英版,工业/产品-玩具,['2.6w'],['15'],['125'],['DAMTOYS']
https://www.zcool.com.cn/work/ZNDY1MjQ5MzY=.html,《Motion Stars》 创意角色动画,影视-Motion Graphic,['6.3w'],['86'],['2758'],['MDS官方']
https://www.zcool.com.cn/work/ZNDY1MTkyODA=.html,哪也敢“炸”,平面-吉祥物,['2.2w'],['156'],['1348'],['三寿']
https://www.zcool.com.cn/work/ZNDY1MDgwMjQ=.html,Untitled Macao | Hush Full Music 2017,平面-品牌,['3.0w'],['43'],['631'],['UNTITLEDMACAO']
https://www.zcool.com.cn/work/ZNDY1MDkxMjQ=.html,筑物/小七床头柜,工业/产品-家具,['1.3w'],['42'],['291'],['筑物']
https://www.zcool.com.cn/work/ZNDY1MDYyODQ=.html,哪都U秀-自信跑放肆浪-哪吒汽车IP卡通形象吉祥物设计,平面-吉祥物,['2.7w'],['89'],['1326'],['卷云创想']
https://www.zcool.com.cn/work/ZNDY1MDUxNjQ=.html,行星探测器抵达蛋黄星！——星际零食 | 蜗牛品牌传播,平面-品牌,['4.9w'],['66'],['1231'],['蜗牛品牌传播']
https://www.zcool.com.cn/work/ZNDY1MDQ3MTI=.html,哪——小——吒——真帅！,平面-吉祥物,['2.2w'],['114'],['863'],['CITY界面']
https://www.zcool.com.cn/work/ZNDY0OTkzMDQ=.html,哪吒-重生計劃,平面-吉祥物,['2.4w'],['95'],['847'],['nickel小科']
https://www.zcool.com.cn/article/ZMTE1ODIxNg==.html,组件化设计思维,文章-观点-UI,['3.2w'],['93'],['813'],['ExperienceDesign']
https://www.zcool.com.cn/work/ZNDY1MDIxMzI=.html,李子哥刮画作品《父亲的草原》,纯艺术-其他艺创,['2.6w'],['69'],['904'],['李子哥']
https://www.zcool.com.cn/work/ZNDY1MDAxMjg=.html,梦工场大冒险,插画-游戏原画,['1.9w'],['42'],['942'],['疯景']
https://www.zcool.com.cn/work/ZNDY0OTQ1OTI=.html,7月色彩,插画-插画习作,['5.4w'],['134'],['2209'],['XU喵喵']
https://www.zcool.com.cn/work/ZNDY0OTY1OTI=.html,哪吒汽车原创IP设计,平面-吉祥物,['1.8w'],['115'],['736'],['椰青Coconut']
https://www.zcool.com.cn/work/ZNDY0OTM5Njg=.html,​​​​​​​Mist Hotan Prefecture​​​​​​​,摄影-其他摄影,['1.5w'],['46'],['889'],['Jonas_daley']
https://www.zcool.com.cn/work/ZNDY0ODg2ODQ=.html,【无畏潮前】哪吒参上,平面-吉祥物,['1.8w'],['142'],['933'],['STARTALK星话']
https://www.zcool.com.cn/work/ZNDY0ODQyNDg=.html, 花式中国少年JINTEHAO 剣雨阑心 .,平面-品牌,['3.4w'],['71'],['435'],['剣雨阑心']
https://www.zcool.com.cn/work/ZNDY0NTYwMjA=.html,RECO睿克设计 | 地主家的娱粮,平面-包装,['6.0w'],['112'],['1229'],['RECO睿克']
https://www.zcool.com.cn/work/ZNDY0ODM4NzI=.html,Mpets品牌全案视觉升级规范,网页-电商,['3.5w'],['89'],['1328'],['松鼠视觉传媒']
https://www.zcool.com.cn/work/ZNDY0ODQ0ODQ=.html,恐龙RUNNING 第三辑,动漫-短篇/四格漫画,['4.5w'],['81'],['1501'],['草木虫']
https://www.zcool.com.cn/work/ZNDY0ODM4MjQ=.html,非人哉588-590,动漫-短篇/四格漫画,['2.6w'],['44'],['1098'],['非人哉漫画']
https://www.zcool.com.cn/work/ZNDY0ODE4MzY=.html,电商店铺视觉升级,网页-电商,['3.0w'],['47'],['852'],['SHEMO张帅']
https://www.zcool.com.cn/work/ZNDY0NzkyMDQ=.html,中国有机茶品牌如何从小众认知走向大众视野？,平面-包装,['11w'],['117'],['1130'],['容品牌']
https://www.zcool.com.cn/work/ZNDY0Nzk3MDQ=.html,腾讯跨界联名公仔 QQ×权力的游戏,工业/产品-玩具,['1.1w'],['39'],['253'],['TINYBRAND']
https://www.zcool.com.cn/work/ZNDY0NjIzNDg=.html,腾讯手游《王牌战士》宣传动画,影视-短片,['1.2w'],['16'],['400'],['PAPA映画']
https://www.zcool.com.cn/article/ZMTE1OTcwOA==.html,手机电商-Banner中的空间陈列法,文章-教程-网页,['2.6w'],['39'],['1092'],['贤辈']
https://www.zcool.com.cn/work/ZNDY0NjY0OTY=.html,哪吒汽车IP设计,平面-吉祥物,['2.3w'],['91'],['688'],['老火炕']
https://www.zcool.com.cn/work/ZNDYzNjc5NDA=.html,宝贝护卫军,平面-吉祥物,['2.5w'],['63'],['688'],['qigor']
https://www.zcool.com.cn/work/ZNDY0NjIwODQ=.html,清游春苑,摄影-人像,['3.7w'],['44'],['498'],['摄影师蝈蝈小姐']
https://www.zcool.com.cn/work/ZNDY0NjMyMzI=.html,哪吒汽车IP设计,平面-吉祥物,['2.3w'],['125'],['1403'],['天空之城的下水道']
https://www.zcool.com.cn/work/ZNDY0NjI3NzI=.html,未来战士XLOL,影视-Motion Graphic,['4.6w'],['63'],['1378'],['WG_studio']
https://www.zcool.com.cn/work/ZNDY0NTY1NDQ=.html,夏,插画-商业插画,['8.7w'],['211'],['2567'],['大沥梁海强']
https://www.zcool.com.cn/work/ZNDY0NTQ3Njg=.html,九龙城寨的日与夜,其他-独立游戏,['2.2w'],['74'],['444'],['cotton']
https://www.zcool.com.cn/work/ZNDY0NDM0NTI=.html,大话西游2 《大圣遗风》魔王窟新副本动画,动漫-动画片,['3.1w'],['57'],['455'],['1cmstudio']
https://www.zcool.com.cn/work/ZNDY0NDg5NzY=.html,光影视觉里的探微-瓜哥带你走一圈虫虫世界的美,摄影-微距,['6.1w'],['180'],['1460'],['深圳瓜哥']
https://www.zcool.com.cn/work/ZNDY0NDY2MTI=.html,插画系统-设计实例应用,UI-其他UI  ,['7.0w'],['114'],['3563'],['途家UED']
https://www.zcool.com.cn/work/ZNDY0NDY5OTY=.html,食摄马也·CHINA驰系列 | 廿四节气-大暑,摄影-静物,['2.4w'],['49'],['686'],['马也美食摄影']
https://www.zcool.com.cn/work/ZNDY0Mzc5MTY=.html,联想&中国女排联名礼盒,平面-包装,['5.1w'],['29'],['651'],['SUMVISUAL']
https://www.zcool.com.cn/work/ZNDY0NDMzNjg=.html,哪吒汽车-IP形象原创设计,平面-吉祥物,['1.9w'],['75'],['742'],['齐齐昂']
https://www.zcool.com.cn/work/ZNDY0MjQ3NDg=.html,POP - Video chat social platform,UI-APP界面,['2.1w'],['69'],['992'],['CRISSS']
https://www.zcool.com.cn/work/ZNDY0NDA5NTI=.html,隐鳞戢羽-保护生态和平默默付出的小小英雄。,平面-吉祥物,['1.7w'],['39'],['564'],['设计小姐']
https://www.zcool.com.cn/article/ZMTE1OTI3Mg==.html,别一提到像素风就想起超级玛丽好吗？,文章-资讯-多领域,['1.7w'],['16'],['339'],['BranD杂志']
https://www.zcool.com.cn/work/ZNDY0Mzc5NzI=.html,《做家务的男人2》宣传片｜MAOS studio北京貌似文化,影视-宣传片,['5.3w'],['32'],['381'],['MAOS貌似']
https://www.zcool.com.cn/work/ZNDY0MzIyNjg=.html,想找个人冷战，谁来？,动漫-三维动画,['1.6w'],['50'],['357'],['萌芽熊DooroBear']
https://www.zcool.com.cn/work/ZNDY0MzM0OTI=.html,Tasty1996泰式餐厅品牌升级,平面-品牌,['6.5w'],['107'],['1107'],['胡晓波设计']
https://www.zcool.com.cn/work/ZNDY0MjczMDA=.html,人是万物的尺度，贺冰凇原创人物主题LOGO设计！,平面-标志,['4.6w'],['71'],['579'],['贺冰凇']
https://www.zcool.com.cn/work/ZNDY0Mjc3ODg=.html,【梦回长城谣】*出塞,平面-字体/字形,['2.2w'],['70'],['270'],['敬文齋品牌']
https://www.zcool.com.cn/work/ZNDY0MjcxOTI=.html,一些练习,插画-插画习作,['2.5w'],['49'],['771'],['Shirley_Gong_']
https://www.zcool.com.cn/work/ZNDY0MjY5Njg=.html,渺渺的诗 | 系列插画汇总,插画-插画习作,['4.0w'],['49'],['1256'],['DionHiogGia']
https://www.zcool.com.cn/work/ZNDY0MjU4MjQ=.html,QQ飞车手游日本版,平面-标志,['3.0w'],['49'],['468'],['吴剑']
https://www.zcool.com.cn/work/ZNDY0MjEwNDg=.html,瑞幸咖啡×潘虎｜好一杯瑞幸 先干为敬,平面-包装,['6.3w'],['226'],['1283'],['潘虎设计实验室']
https://www.zcool.com.cn/work/ZNDY0MTcxNTI=.html,方正惊鸿体,平面-字体/字形,['3.2w'],['192'],['2768'],['登文']
https://www.zcool.com.cn/article/ZMTE1ODg4MA==.html,circusmans：惊艳革新经验,文章-专访-多领域,['1.6w'],['51'],['492'],['设计师专访']
https://www.zcool.com.cn/work/ZNDY0MDcxNDg=.html,集智创想-餐饮品牌-演燚形象打造,平面-吉祥物,['17w'],['161'],['4297'],['集智创想CIIB']
https://www.zcool.com.cn/work/ZNDY0MTc0MDQ=.html,详情页x3 ,网页-电商,['4.9w'],['131'],['1342'],['碗里菌']
https://www.zcool.com.cn/work/ZNDY0MTY5OTY=.html,咸鱼人生,平面-吉祥物,['3.2w'],['158'],['1670'],['Mr_ZE']
https://www.zcool.com.cn/work/ZNDY0MTUyNjA=.html, 鱼少贰拾,摄影-人像,['3.3w'],['85'],['516'],['海螺壳']
https://www.zcool.com.cn/work/ZNDY0MTI2NDg=.html,亲爱的女朋友,摄影-人像,['24w'],['272'],['1355'],['徐八喵']
https://www.zcool.com.cn/work/ZNDY0MTUwOTY=.html,柴霖霖插画作品-哪吒汽车IP人物设计,平面-吉祥物,['2.6w'],['127'],['1213'],['柴霖霖']
https://www.zcool.com.cn/work/ZNDY0MTEyMjg=.html,妙曼拾光,插画-商业插画,['3.1w'],['67'],['1709'],['线体玩家林萌']
https://www.zcool.com.cn/work/ZNDY0MDg3Njg=.html,看见人类的智慧,平面-包装,['4.3w'],['144'],['1414'],['zproo']
https://www.zcool.com.cn/article/ZMTE1ODQ2MA==.html,我们该如何判断作品是否抄袭？,文章-观点-多领域,['4.7w'],['257'],['974'],['qouop']
https://www.zcool.com.cn/work/ZNDY0MDUyNjQ=.html,收藏餐边柜,工业/产品-家具,['2.0w'],['39'],['366'],['JianWenD']
https://www.zcool.com.cn/work/ZNDYzOTU1OTI=.html,【旅行的意义】 -文艺复兴之地-,摄影-游记,['5.7w'],['106'],['570'],['晆时_micheal']
https://www.zcool.com.cn/work/ZNDYzOTMxNzI=.html,可爱动态LOGO合集,UI-动效设计,['7.6w'],['196'],['3800'],['MDS官方']
https://www.zcool.com.cn/work/ZNDYzOTgwNjA=.html,VON STUDIO X ANTA KIDS A-JELLY 弹出趣跑出彩,三维-动画/影视,['3.8w'],['81'],['762'],['VONSTUDIO']
https://www.zcool.com.cn/work/ZNDYzOTUzMDQ=.html,BX-Planet | 2020年世界献血者日宣传片,影视-Motion Graphic,['1.1w'],['21'],['268'],['BXplanet']
https://www.zcool.com.cn/work/ZNDYzNTY0ODg=.html,《盗墓笔记重启》概念设计图,插画-概念设定,['2.9w'],['85'],['1755'],['杨青凯']
https://www.zcool.com.cn/work/ZNDYzOTA4NTY=.html,【OLYMPIC 2020 series illustrations 】,插画-涂鸦/潮流,['2.0w'],['105'],['1040'],['IamMe榨菜']
https://www.zcool.com.cn/work/ZNDYzODUxMzI=.html,「乐划锁屏」 仙境眠于视界缝隙,插画-商业插画,['2.1w'],['50'],['620'],['吴达立']
https://www.zcool.com.cn/work/ZNDYzNzY2NzI=.html,粉色城堡,摄影-人像,['4.0w'],['73'],['1115'],['无限TX']
https://www.zcool.com.cn/work/ZNDYzNjg4NTY=.html,小小英雄——“替身木偶”木木,平面-吉祥物,['1.9w'],['105'],['1059'],['我不是集翔物']
https://www.zcool.com.cn/work/ZNDYzNjYxNzY=.html,  2020年鲁班设计尖货节《尖货弄潮》  ,影视-宣传片,['6.7w'],['56'],['1229'],['IN_STUDIO']
https://www.zcool.com.cn/work/ZNDYzNzE1ODA=.html,这！就是街舞 第三季 概念先导片 概念设定,插画-概念设定,['6.4w'],['118'],['1831'],['MVEIGHT']
https://www.zcool.com.cn/work/ZNDYzNjA1MjA=.html,Online Supermarket系列,插画-商业插画,['2.0w'],['9'],['799'],['KefanShi_朗朗']
https://www.zcool.com.cn/work/ZNDYzNDEwMzY=.html,为动画《观海策》绘制的一些美术图稿。,插画-商业插画,['2.5w'],['46'],['722'],['弎丈']
https://www.zcool.com.cn/work/ZNDYzMzMzNjA=.html,猜猫咪,摄影-人像,['4.3w'],['73'],['757'],['海螺壳']
https://www.zcool.com.cn/work/ZNDYzMzA1OTY=.html,一看到你 我的开心就100％了 ​​​​,摄影-人像,['6.1w'],['90'],['686'],['萌又三岁']
https://www.zcool.com.cn/work/ZNDYzNTU4ODA=.html,杰士邦JISSBON 黄金持久——黄金铁道999,平面-包装,['2.5w'],['94'],['945'],['MrSOL']
https://www.zcool.com.cn/work/ZNDYzNDI2OTY=.html,CASE BOX 2020 01 - 2020 06 作品合集,平面-品牌,['2.6w'],['40'],['835'],['CHAOS李超']
https://www.zcool.com.cn/work/ZNDYzNDk3ODg=.html,夏日终曲,动漫-中/长篇漫画,['5.5w'],['410'],['2591'],['郭九二']
https://www.zcool.com.cn/work/ZNDYzNTgxMDQ=.html,梅红C4D 每日图形设计 (二十四）,三维-其他三维,['3.0w'],['79'],['786'],['梅红提爱克斯']
https://www.zcool.com.cn/work/ZNDYzMjQzNjQ=.html,巨幅人像光绘涂鸦闪耀京城~王一博现场点赞创意团队,摄影-其他摄影,['1.7w'],['57'],['308'],['Roywang']
https://www.zcool.com.cn/work/ZNDYzMzk3NDg=.html,哪吒原创IP设计大赛,平面-吉祥物,['3.6w'],['176'],['1827'],['奇大人QIDAREN']
https://www.zcool.com.cn/work/ZNDYzMzQzMDg=.html,BITONE X 宝马 |极夜流星，尊贵非凡,三维-产品,['2.0w'],['52'],['474'],['BITONE叶青司机']
https://www.zcool.com.cn/work/ZNDYzMjkzODg=.html,2020年中总结,插画-商业插画,['1.6w'],['57'],['788'],['鹿溟山']
https://www.zcool.com.cn/work/ZNDYzMjcyODQ=.html,无声瑰梦,插画-商业插画,['1.8w'],['20'],['838'],['Kuri久里']
https://www.zcool.com.cn/work/ZNDYzMjkyMzI=.html,《乐队的夏天》官宣海报,平面-海报,['10w'],['99'],['1683'],['BlissStudio']
https://www.zcool.com.cn/work/ZNDYzMjkwNzI=.html,奶茶VI设计 饮品 VI设计 VI 奶茶 餐饮设计 品牌设计,平面-品牌,['15w'],['264'],['2680'],['郑昌洪']
https://www.zcool.com.cn/work/ZNDU1NjUzNDQ=.html,溜溜的故事溜溜的回味,平面-品牌,['7.6w'],['70'],['655'],['剣雨阑心']
